pooling, malloc
2335 , 5110
23583 , 56756
44956 , 108127
66156 , 159187
86372 , 204224
106460 , 262956
129106 , 304931
149318 , 361510
168279 , 410498
193097 , 456179
215666 , 513702
233812 , 573670
254585 , 615614
277058 , 678900
307693 , 726006
323562 , 785262
348708 , 832327
365579 , 866447
374902 , 913825
401129 , 966141
420608 , 1027712
438660 , 1073210
460299 , 1120643
484662 , 1174902
505643 , 1224414
518198 , 1272462
558024 , 1320620
567179 , 1360995
594000 , 1421170
611935 , 1475712
635854 , 1521131
648537 , 1564295
665331 , 1613437
693362 , 1657627
702545 , 1710408
739872 , 1765089
756531 , 1816068
778329 , 1862493
788737 , 1920864
817229 , 1962731
847018 , 1984389
826608 , 2018118
867393 , 2081385
878520 , 2140491
903062 , 2176741
923939 , 2198243
976106 , 2303585
1009687 , 2426833
1058262 , 2351437
998283 , 2400591
1031602 , 2435416
1037747 , 2496602
1061745 , 2554141
1096291 , 2657560
1115135 , 2698208
1148812 , 2756656
1181787 , 2799920
1170552 , 2773081
1176341 , 2850589
1208970 , 2948937
1245937 , 2959218
1235497 , 2987337
1260741 , 3029120
1278906 , 3075297
1316912 , 3125889
1314412 , 3166460
1340698 , 3208045
1363752 , 3261083
1386597 , 3301154
1407768 , 3337433
1426495 , 3398958
1446554 , 3428881
1486733 , 3483572
1505483 , 3523354
1506526 , 3569681
1526976 , 3620454
1564516 , 3673033
1570491 , 3719179
1601677 , 3762764
1625589 , 3822170
1650031 , 3864639
1660008 , 3937208
1667983 , 3988952
1706873 , 4065956
1720066 , 4059974
1724310 , 4129799
1814945 , 4191170
1787889 , 4331493
1797077 , 4249956
1811162 , 4295112
1846729 , 4387489
1854114 , 4402968
1874810 , 4602722
1900704 , 4504885
1924377 , 4539191
1928995 , 4578683
1960300 , 4661395
1994060 , 5026210
2035270 , 4890933
2022258 , 4829781